case_id,image_path,ground_truth,ground_truth_icd11,organ,modality,expected_risk_score,notes,prior_image_path
MIMIC-CXR-001,data/images/cxr_001.png,Pulmonary adenocarcinoma,2C25.0,lung,CXR,Lung-RADS 4X,3.2cm spiculated LUL mass corona radiata sign,
MIMIC-CXR-002,data/images/cxr_002.png,Community-acquired pneumonia,CA40.0,lung,CXR,,RLL lobar consolidation air bronchogram,
MIMIC-CXR-003,data/images/cxr_003.png,Pleural effusion,CB21.0,lung,CXR,,Right costophrenic blunting 200ml,
MIMIC-CXR-004,data/images/cxr_004.png,Pulmonary embolism,BB50.0,lung,CXR,,Hampton hump sign Westermark sign present,
MIMIC-CXR-005,data/images/cxr_005.png,Pulmonary tuberculosis,1B10.1,lung,CXR,,Bilateral upper zone infiltrates early cavitation,
MIMIC-CXR-006,data/images/cxr_006.png,Pulmonary sarcoidosis,CB07.0,lung,CXR,,Bilateral hilar adenopathy perilymphatic pattern stage II,
MIMIC-CXR-007,data/images/cxr_007.png,Pneumothorax,CB01.0,lung,CXR,,Left sided pneumothorax 35% tracheal deviation,
MIMIC-CXR-008,data/images/cxr_008.png,Pulmonary adenocarcinoma,2C25.0,lung,CT,Lung-RADS 4B,14mm solid RUL nodule SUV 4.2 on PET spiculated,
RSNA-MSK-001,data/images/msk_001.png,Rib fracture,NB82.0,msk,CXR,,Right 5th rib cortical disruption acute angulation,
RSNA-MSK-002,data/images/msk_002.png,Vertebral fracture,NA83.0,msk,CXR,,L1 compression fracture Genant grade 2 end-plate involvement,
RSNA-MSK-003,data/images/msk_003.png,Hip fracture,NB80.0,msk,CXR,,Right neck of femur fracture Garden III displaced,
RSNA-MSK-004,data/images/msk_004.png,Osteoporosis,FB83.1,msk,CXR,,Generalised reduced bone density T-score -2.8 multiple vertebral wedging,
TIRADS-001,data/images/thy_001.png,Papillary thyroid carcinoma,2D10.0,thyroid,US,TR5,Solid hypoechoic taller-than-wide punctate calcifications microcalcifications,
BIRADS-001,data/images/brs_001.png,Invasive ductal carcinoma breast,2C61.0,breast,MRI,5,2.1cm spiculated mass skin retraction nipple inversion axillary nodes,
LIRADS-001,data/images/liv_001.png,Hepatocellular carcinoma,2C12.0,liver,CT,LR-5,Arterial hyperenhancement washout 2.8cm cirrhotic liver portal vein normal,
NEURO-001,data/images/neu_001.png,Glioblastoma,2A00.0,neuro,MRI,,Ring-enhancing mass central necrosis butterfly pattern GBM,
NEURO-002,data/images/neu_002.png,Ischaemic stroke,8B20.0,neuro,MRI,,DWI restriction left MCA territory 2h from onset ASPECTS 8,
NEURO-003,data/images/neu_003.png,Intracerebral haemorrhage,8B00.0,neuro,CT,,Right basal ganglia hyperdense lesion 35ml perihaematomal oedema,
NORMAL-001,data/images/nrm_001.png,No significant abnormality,N/A,lung,CXR,Lung-RADS 1,Normal CXR negative control bilateral clear lung fields,
NORMAL-002,data/images/nrm_002.png,No significant abnormality,N/A,neuro,CT,,Normal CT head no haemorrhage no infarct negative control,
